{
  "name": "veil",
  "title": "The Veil",
  "description": "<p style=\"text-align: justify;\"><strong>EST&Aacute;S AQU&Iacute; PORQUE ALGO VA MAL</strong> en el mundo. El hecho de que estemos hablando del futuro no cambia nada. Tampoco ha cambiado tanto, pero sigue habiendo algo ah&iacute; que te est&aacute; volviendo loco y que no eres capaz de definir con claridad. Todo el mundo est&aacute; conectado mediante neurochips y esta tecnolog&iacute;a ha impuesto un velo sobre los ojos de todos. Es nuestra nueva forma de percibir el mundo. Mezclamos nuestra realidad con lo digital hasta crear un nuevo entorno. Uno donde lo digital y lo f&iacute;sico ocupan el mismo espacio y pueden interactuar con nosotros como si fueran la misma cosa. Vemos y sentimos nuestro futuro sobreimpuesto en nuestras mentes y el pellejo corp&oacute;reo que las contiene hasta el punto, quiz&aacute;s, de destruir esa misma humanidad a la que tanto nos aferramos. Nuestra existencia ha adquirido un car&aacute;cter h&iacute;brido: est&aacute; llena de posibilidades, pregunt&aacute;ndonos qu&eacute; estamos dispuestos a sacrificar por este progreso.</p>\n<hr />\n<p style=\"text-align: center;\"><strong>Podr&aacute;s encontrar una peque&ntilde;a gu&iacute;a de uso en el Apunte \"</strong><strong>Cr&eacute;ditos y Ajustes\" </strong><strong>que he creado.</strong></p>",
  "version": "1.0.0",
  "minimumCoreVersion": "0.0.0",
  "compatibleCoreVersion": "1.0.0",
  "scripts": [],
  "esmodules": [],
  "styles": [],
  "packs": [
    {
      "label": "Movimientos de libreto",
      "entity": "Item",
      "name": "movimientos-de-libreto",
      "path": "packs/movimientos-de-libreto.db",
      "system": "sandbox",
      "package": "world",
      "absPath": "F:\\Rol\\Foundry\\Data\\worlds\\veil\\packs\\movimientos-de-libreto.db"
    },
    {
      "label": "Movimientos básicos",
      "entity": "Item",
      "name": "movimientos-basicos",
      "path": "packs/movimientos-basicos.db",
      "system": "sandbox",
      "package": "world",
      "absPath": "F:\\Rol\\Foundry\\Data\\worlds\\veil\\packs\\movimientos-basicos.db"
    },
    {
      "label": "Etiquetas",
      "entity": "Item",
      "name": "etiquetas",
      "path": "packs/etiquetas.db",
      "system": "sandbox",
      "package": "world",
      "absPath": "F:\\Rol\\Foundry\\Data\\worlds\\veil\\packs\\etiquetas.db"
    },
    {
      "label": "Equipo",
      "entity": "Item",
      "name": "equipo",
      "path": "packs/equipo.db",
      "system": "sandbox",
      "package": "world",
      "absPath": "F:\\Rol\\Foundry\\Data\\worlds\\veil\\packs\\equipo.db"
    },
    {
      "label": "Libretos",
      "entity": "Item",
      "name": "libretos",
      "path": "packs/libretos.db",
      "system": "sandbox",
      "package": "world",
      "absPath": "F:\\Rol\\Foundry\\Data\\worlds\\veil\\packs\\libretos.db"
    }
  ],
  "languages": [
    "spanish"
  ],
  "authors": [
    "WallaceMcGregor"
  ],
  "keywords": [],
  "socket": false,
  "url": "",
  "manifest": "",
  "download": "",
  "license": "",
  "readme": "",
  "bugs": "",
  "changelog": "",
  "background": "worlds/veil/imagenes/The%20Veil%20Portada.jpg",
  "system": "sandbox",
  "coreVersion": "0.6.5",
  "systemVersion": "0.2.3",
  "nextSession": "",
  "availability": 0,
  "unavailable": false,
  "id": "veil"
}